{"train loss": 0.6048693656921387, "step": 32, "epoch": 1, "_timestamp": 1671086696.0397441, "_runtime": 17.61283302307129, "_step": 31}