{"train loss": 0.8318465352058411, "step": 13, "epoch": 1, "_timestamp": 1671086781.9298584, "_runtime": 9.109577417373657, "_step": 12}