{"train loss": 11.418228149414062, "step": 32, "epoch": 1, "_timestamp": 1671088642.2875314, "_runtime": 20.992292404174805, "_step": 31}