{"train loss": 0.41336721181869507, "step": 37, "epoch": 1, "_timestamp": 1671078241.6126416, "_runtime": 20.83064365386963, "_step": 36}