{"train loss": 0.6278708577156067, "step": 13, "epoch": 1, "_timestamp": 1671087110.8487635, "_runtime": 9.678450584411621, "_step": 12}