{"train loss": 0.5159354209899902, "step": 18, "epoch": 1, "_timestamp": 1671083821.564797, "_runtime": 11.402316808700562, "_step": 17}