{"train loss": 0.5294156074523926, "step": 19, "epoch": 1, "_timestamp": 1671078478.1535883, "_runtime": 13.002476215362549, "_step": 18}