{"train loss": 1.4191501140594482, "step": 1, "epoch": 1, "_timestamp": 1671077190.4952335, "_runtime": 189.7676284313202, "_step": 0}