{"train loss": 1.5331294536590576, "step": 17, "epoch": 1, "_timestamp": 1671084126.3141215, "_runtime": 10.653830528259277, "_step": 16}