{"train loss": 0.49578434228897095, "step": 7, "epoch": 1, "_timestamp": 1671076268.7856073, "_runtime": 401.30495429039, "_step": 6}