{"train loss": 0.6192187666893005, "step": 24, "epoch": 1, "_timestamp": 1671086384.0063114, "_runtime": 14.564967393875122, "_step": 23}