{"train loss": 2.670017719268799, "step": 50, "epoch": 1, "_timestamp": 1671088556.7517676, "_runtime": 29.75122570991516, "_step": 49}