{"train loss": 10354.5732421875, "step": 13, "epoch": 1, "_timestamp": 1671106659.9225357, "_runtime": 9.71727466583252, "_step": 12}