{"train loss": 1.2463834285736084, "step": 7, "epoch": 1, "_timestamp": 1671086833.9751031, "_runtime": 6.582602024078369, "_step": 6}